{
  "$schema": "https://developer.joomla.org/schemas/json-schema/web_assets.json",
  "name": "com_jdownloads",
  "version": "4.0.0",
  "description": "Joomla CMS",
  "license": "GPL-2.0-or-later",
  "assets": [
    {
      "name": "com_jdownloads.sidebyside",
      "type": "preset",
      "dependencies": [
        "com_jdownloads.sidebyside#style",
        "com_jdownloads.sidebyside#script"
      ]
    },
    {
      "name": "com_jdownloads.admin-associations-default",
      "type": "script",
      "uri": "com_jdownloads/admin-associations-default.min.js",
      "dependencies": [
        "com_jdownloads.admin-associations-default.es5"
      ],
      "attributes": {
        "type": "module"
      },
      "version": "7c1277a151388585ebe6d9281695102b6a230686"
    },
    {
      "name": "com_jdownloads.admin-associations-modal.es5",
      "type": "script",
      "uri": "com_jdownloads/admin-associations-modal-es5.min.js",
      "dependencies": [
        "core"
      ],
      "attributes": {
        "nomodule": true,
        "defer": true
      },
      "version": "7cca495365822d15723d7897c97b4dafccd47f5b"
    },
    {
      "name": "com_jdownloads.admin-associations-default.es5",
      "type": "script",
      "uri": "com_jdownloads/admin-associations-default-es5.min.js",
      "dependencies": [
        "core"
      ],
      "attributes": {
        "nomodule": true,
        "defer": true
      },
      "version": "b2a0deb550210b10df4dcd29a75660f2d6488b6a"
    },
    {
      "name": "com_jdownloads.admin-associations-modal",
      "type": "script",
      "uri": "com_jdownloads/admin-associations-modal.min.js",
      "dependencies": [
        "com_jdownloads.admin-associations-modal.es5"
      ],
      "attributes": {
        "type": "module"
      },
      "version": "4245ed11ab8ad661d68d219eda321b1ceaa18c99"
    },
    {
      "name": "com_jdownloads.associations-edit",
      "type": "script",
      "uri": "com_jdownloads/associations-edit.min.js",
      "dependencies": [
        "com_jdownloads.associations-edit.es5"
      ],
      "attributes": {
        "type": "module",
        "defer": true
      },
      "version": "4b5e9faa38307b6b3d098e7430e8ef3a488d9283"
    },
    {
      "name": "com_jdownloads.associations-edit.es5",
      "type": "script",
      "uri": "com_jdownloads/associations-edit-es5.min.js",
      "dependencies": [
        "core"
      ],
      "attributes": {
        "nomodule": true,
        "defer": true
      },
      "version": "4029d27c4196e1e98c429e8a80b765438d2b4452"
    },
    {
      "name": "com_jdownloads.sidebyside",
      "type": "style",
      "uri": "com_jdownloads/sidebyside.min.css",
      "version": "67b98eb070fc8d47e1ad643f18880f5dc583cad7"
    },
    {
      "name": "com_jdownloads.sidebyside",
      "type": "script",
      "uri": "com_jdownloads/sidebyside.min.js",
      "dependencies": [
        "core",
        "jquery"
      ],
      "attributes": {
        "defer": true
      },
      "version": "ae61b2455a60b4d99c4c41b820e62b00f4ea8a8f"
    },
	{
      "name": "com_jdownloads.form-edit.es5",
      "type": "script",
      "uri": "com_jdownloads/form-edit-es5.min.js",
      "dependencies": [
        "core"
      ],
      "attributes": {
        "nomodule": true,
        "defer": true
      },
      "version": "e7c98071755bbe4d4ad185fa342d361d56892073"
    },
    {
      "name": "com_jdownloads.form-edit",
      "type": "script",
      "uri": "com_jdownloads/form-edit.min.js",
      "dependencies": [
        "com_jdownloads.form-edit.es5"
      ],
      "attributes": {
        "type": "module"
      },
      "version": "405b01d00df544c5790201546a69f79d485a500d"
    },
	{
      "name": "com_jdownloads.admin-downloads-modal",
      "type": "script",
      "uri": "com_jdownloads/admin-downloads-modal.min.js",
      "attributes": {
        "type": "module"
      }
    }
  ]
}